brand,name,price,style,image_file
지에마르,[S사이즈추가]골드버튼 텐셀 블라우스 그린 GOLD BOTTON TENCEL BLOUSE GREEN 10차,97988,Other,product_0.jpg
드로우핏 우먼,[한정특가] 2버튼 오버핏 싱글 블레이저 [3COLORS],114840,Other,product_1.jpg
플로움,[16%쿠폰] Classic Sailor Collar Dress (4color),268000,Other,product_2.jpg
뮤니에,[단독]LONI BAG_4COLORS,144258,Other,product_3.jpg
르로망,Square-neck Slim Dress(LL) / Black(2color),248100,Other,product_4.jpg
틸아이다이,[한정특가] Coloring collar point utility jacket_Beige,153239,Other,product_5.jpg
도씨,실크핏 클로에 긴팔 커플 잠옷 세트,25432,Other,product_6.jpg
파사드패턴,오버핏 썸머울 재킷_oatmeal,348000,Other,product_7.jpg
시야쥬,SIOT4075 Leather Bomber Jacket_Black,173448,Casual,product_8.jpg
오브유이,[4color] 파스텔 알파카 카라 니트,78320,Other,product_9.jpg
우이,투 벨트 디테일 와이드 슬랙스 믹스그레이 OU1438,78540,Other,product_10.jpg
쎄무아듀,[72H 팝업] Cest_Palace style puff sleeve blouse,66528,Other,product_11.jpg
아비스파,Elmon 엘몬 플랫폼 로퍼힐_L542_3colors_5.5cm,58925,Other,product_12.jpg
모멧,오뜨르 핀턱 블라우스 2color,106128,Other,product_13.jpg
언노운플라넷,스트라이프 럭비 카라 셔츠 핑크_Stripe Rugby Collar Shirt Pink,38632,Other,product_14.jpg
플로움,Rosetta Dress(2color),298000,Other,product_15.jpg
몽돌,[한정특가] [5color] 골지 라운드넥 가디건 MDCD036,25502,Minimal,product_16.jpg
미치코런던,BASIC WOOL KNIT CARDIGAN MELANGE GREY,48400,Other,product_17.jpg
아무르 무아르,[세트] 타이 싱글 자켓 + 오버 랩 슬랙스 블랙 amr1934,190080,Other,product_18.jpg
으음키임,백 포인트 스트레이트 슬랙스_3color,110352,Other,product_19.jpg
파사드패턴,빈티지 셰퍼드 백_chocolate,298000,Other,product_20.jpg
