brand,name,price,style,image_url
망고매니플리즈,[한정특가] [NEW컬러추가]NEFF LINEN KNIT (5colors),77664,Minimal,https://product-image.wconcept.co.kr/productimg/image/img9/79/305914779_JM43477.jpg
닐바이피,[한정특가] Summer daily sleeveless ops [3colors],70532,Y2K,https://product-image.wconcept.co.kr/productimg/image/img9/21/302809921_UH76335.jpg
미나수,[한정 특가] SMALL HEARTTRACK OVER FIT TEE_WHITE,33034,Casual,"data:image/gif;base64,R0lGODlhAQABAIAAAAAAAP///yH5BAEAAAAALAAAAAABAAEAAAIBRAA7"
주르티,[뉴뉴PICK] 시스루 뷔스티에 블라우스 블랙 j1709,68196,Street,"data:image/gif;base64,R0lGODlhAQABAIAAAAAAAP///yH5BAEAAAAALAAAAAABAAEAAAIBRAA7"
몽돌,[한정특가] 에센셜 원 턱 와이드 팬츠 화이트 MDPT049WHITE,54807,Minimal,"data:image/gif;base64,R0lGODlhAQABAIAAAAAAAP///yH5BAEAAAAALAAAAAABAAEAAAIBRAA7"
듀이듀이,[한정특가] 로즈 레이스 스커트_아이보리,112033,Other,"data:image/gif;base64,R0lGODlhAQABAIAAAAAAAP///yH5BAEAAAAALAAAAAABAAEAAAIBRAA7"
망고매니플리즈,INES SHIRRING BLOUSE (3colors),65818,Minimal,"data:image/gif;base64,R0lGODlhAQABAIAAAAAAAP///yH5BAEAAAAALAAAAAABAAEAAAIBRAA7"
주르티,페블 레이스 블라우스 블랙 j1451,50803,Street,"data:image/gif;base64,R0lGODlhAQABAIAAAAAAAP///yH5BAEAAAAALAAAAAABAAEAAAIBRAA7"
룩캐스트,브리트니 크롭 윙클 블라우스 / BRITNEY CROP WRINKLE BLOUSE_2colors,55057,Feminine,"data:image/gif;base64,R0lGODlhAQABAIAAAAAAAP///yH5BAEAAAAALAAAAAABAAEAAAIBRAA7"
주르티,골드 버튼 블라우스 블랙 j1214,54890,Street,"data:image/gif;base64,R0lGODlhAQABAIAAAAAAAP///yH5BAEAAAAALAAAAAABAAEAAAIBRAA7"
주르티,로제 트위드 블라우스 블라썸 j1444,51971,Street,"data:image/gif;base64,R0lGODlhAQABAIAAAAAAAP///yH5BAEAAAAALAAAAAABAAEAAAIBRAA7"
반원 아틀리에,A3479 시스루 스트라이프 셔츠_Purple,54207,Other,"data:image/gif;base64,R0lGODlhAQABAIAAAAAAAP///yH5BAEAAAAALAAAAAABAAEAAAIBRAA7"
망고매니플리즈,OLI STRIPE SHIRT_LIGHT PINK,82419,Minimal,"data:image/gif;base64,R0lGODlhAQABAIAAAAAAAP///yH5BAEAAAAALAAAAAABAAEAAAIBRAA7"
반원 아틀리에,A3479 시스루 스트라이프 셔츠_Cream,54207,Other,"data:image/gif;base64,R0lGODlhAQABAIAAAAAAAP///yH5BAEAAAAALAAAAAABAAEAAAIBRAA7"
아무르 무아르,[NEW컬러 발매]하프 셔링 랩 티셔츠 5컬러 amr1810,32701,Other,"data:image/gif;base64,R0lGODlhAQABAIAAAAAAAP///yH5BAEAAAAALAAAAAABAAEAAAIBRAA7"
아무르 무아르,슬라브 버튼 블라우스 라이트 그레이 amr1865,57560,Other,"data:image/gif;base64,R0lGODlhAQABAIAAAAAAAP///yH5BAEAAAAALAAAAAABAAEAAAIBRAA7"
아무르 무아르,트위스트 블라우스 블루 amr1867,58811,Other,"data:image/gif;base64,R0lGODlhAQABAIAAAAAAAP///yH5BAEAAAAALAAAAAABAAEAAAIBRAA7"
주르티,시스루 라운드 블라우스 아이보리 jJ984,40292,Street,"data:image/gif;base64,R0lGODlhAQABAIAAAAAAAP///yH5BAEAAAAALAAAAAABAAEAAAIBRAA7"
우이,더블 버튼 하프 트위드 블라우스자켓 블랙 OU1058,68196,Other,"data:image/gif;base64,R0lGODlhAQABAIAAAAAAAP///yH5BAEAAAAALAAAAAABAAEAAAIBRAA7"
프론트로우,[Drama Signature] Summer Tie-Collar Silky Blouse_3color,100079,Other,"data:image/gif;base64,R0lGODlhAQABAIAAAAAAAP///yH5BAEAAAAALAAAAAABAAEAAAIBRAA7"
아틀리에 나인,[단독]LOND WAIST TUCK T-SHIRT (Z-BL-4225),36788,Modern,"data:image/gif;base64,R0lGODlhAQABAIAAAAAAAP///yH5BAEAAAAALAAAAAABAAEAAAIBRAA7"
르와,숄더 스트랩 훌 슬리브리스 블라우스 블랙 L093,63649,Other,"data:image/gif;base64,R0lGODlhAQABAIAAAAAAAP///yH5BAEAAAAALAAAAAABAAEAAAIBRAA7"
리엘,Creampuff blouse (white),114244,Romantic,"data:image/gif;base64,R0lGODlhAQABAIAAAAAAAP///yH5BAEAAAAALAAAAAABAAEAAAIBRAA7"
우이,OU824 wrinkle raglan shirts (2colors),68196,Other,"data:image/gif;base64,R0lGODlhAQABAIAAAAAAAP///yH5BAEAAAAALAAAAAABAAEAAAIBRAA7"
아무르 무아르,[세트] 포켓 하프 퍼프 블라우스+셔링 스커트 화이트 amr1606,113243,Other,"data:image/gif;base64,R0lGODlhAQABAIAAAAAAAP///yH5BAEAAAAALAAAAAABAAEAAAIBRAA7"
망고매니플리즈,MELLAN STRIPE SHIRT (2colors),50219,Minimal,"data:image/gif;base64,R0lGODlhAQABAIAAAAAAAP///yH5BAEAAAAALAAAAAABAAEAAAIBRAA7"
시야쥬,[한정특가] SITP5063 U-neck T-shirt_2PACK,48050,Casual,"data:image/gif;base64,R0lGODlhAQABAIAAAAAAAP///yH5BAEAAAAALAAAAAABAAEAAAIBRAA7"
브아빗포우먼,[뉴뉴PICK] 소프트 오픈넥 가디건 4컬러 VW375,43212,Other,"data:image/gif;base64,R0lGODlhAQABAIAAAAAAAP///yH5BAEAAAAALAAAAAABAAEAAAIBRAA7"
레테라,[한정특가] [단독] Basic Round Linen Cardigan,53554,Other,"data:image/gif;base64,R0lGODlhAQABAIAAAAAAAP///yH5BAEAAAAALAAAAAABAAEAAAIBRAA7"
로브로브,MY ATTITUDE KNIT CARDIGAN(S/S ver.),42294,Other,"data:image/gif;base64,R0lGODlhAQABAIAAAAAAAP///yH5BAEAAAAALAAAAAABAAEAAAIBRAA7"
비에이유 바이 브라이드앤유,AGATHA Notched collar short sleeve A-line dress (Black/Butter),418000,Other,"data:image/gif;base64,R0lGODlhAQABAIAAAAAAAP///yH5BAEAAAAALAAAAAABAAEAAAIBRAA7"
비에이유 바이 브라이드앤유,EMMA Collar detailed mermaid tweed dress (Butter/Black),378000,Other,"data:image/gif;base64,R0lGODlhAQABAIAAAAAAAP///yH5BAEAAAAALAAAAAABAAEAAAIBRAA7"
비에이유 바이 브라이드앤유,LILLE See-through Puff shoulder ribbon tie dress (Oatmeal/Black),398000,Other,"data:image/gif;base64,R0lGODlhAQABAIAAAAAAAP///yH5BAEAAAAALAAAAAABAAEAAAIBRAA7"
비에이유 바이 브라이드앤유,LILITH Stand collar pin tucked long dress (Cornflower blue/Light pink),228000,Other,"data:image/gif;base64,R0lGODlhAQABAIAAAAAAAP///yH5BAEAAAAALAAAAAABAAEAAAIBRAA7"
비에이유 바이 브라이드앤유,ELLIE V-neck short sleeve blouse (3color),165280,Other,"data:image/gif;base64,R0lGODlhAQABAIAAAAAAAP///yH5BAEAAAAALAAAAAABAAEAAAIBRAA7"
비에이유 바이 브라이드앤유,AGATHA Notched collar three-quarter sleeve A-line midi dress (Off white/Black),458000,Other,"data:image/gif;base64,R0lGODlhAQABAIAAAAAAAP///yH5BAEAAAAALAAAAAABAAEAAAIBRAA7"
비에이유 바이 브라이드앤유,NANCY Twisted ribbon detailed blouse (3color),148488,Other,"data:image/gif;base64,R0lGODlhAQABAIAAAAAAAP///yH5BAEAAAAALAAAAAABAAEAAAIBRAA7"
비에이유 바이 브라이드앤유,SKYE Balloon sleeve seersucker flared long dress (3color),288000,Other,"data:image/gif;base64,R0lGODlhAQABAIAAAAAAAP///yH5BAEAAAAALAAAAAABAAEAAAIBRAA7"
비에이유 바이 브라이드앤유,LINDSAY Round neck semi A-line tweed mini dress (3color),258000,Other,"data:image/gif;base64,R0lGODlhAQABAIAAAAAAAP///yH5BAEAAAAALAAAAAABAAEAAAIBRAA7"
비에이유 바이 브라이드앤유,AILANI Twisted ribbon detailed flared long dress (Cream/Black),238000,Other,"data:image/gif;base64,R0lGODlhAQABAIAAAAAAAP///yH5BAEAAAAALAAAAAABAAEAAAIBRAA7"
비에이유 바이 브라이드앤유,SHILOH Ribbon detailed lace long dress (Ivory/Black),288000,Other,"data:image/gif;base64,R0lGODlhAQABAIAAAAAAAP///yH5BAEAAAAALAAAAAABAAEAAAIBRAA7"
비에이유 바이 브라이드앤유,[SET]LILLE Ribbon tie short sleeve blouse + WILLOW Tuck detailed long flared skirt (3color),355200,Other,"data:image/gif;base64,R0lGODlhAQABAIAAAAAAAP///yH5BAEAAAAALAAAAAABAAEAAAIBRAA7"
비에이유 바이 브라이드앤유,JENNIFER Shirt layered midi dress (Camel beige/Black),258000,Other,"data:image/gif;base64,R0lGODlhAQABAIAAAAAAAP///yH5BAEAAAAALAAAAAABAAEAAAIBRAA7"
비에이유 바이 브라이드앤유,WILLOW Tuck detailed long flared skirt (3color),182480,Other,"data:image/gif;base64,R0lGODlhAQABAIAAAAAAAP///yH5BAEAAAAALAAAAAABAAEAAAIBRAA7"
비에이유 바이 브라이드앤유,YESICA Ribbon tied tweed cropped jacket (Pale coral pink/Minty blue),248000,Other,"data:image/gif;base64,R0lGODlhAQABAIAAAAAAAP///yH5BAEAAAAALAAAAAABAAEAAAIBRAA7"
비에이유 바이 브라이드앤유,ODETTE Square neck short sleeve blouse (Black/Cream),131804,Other,"data:image/gif;base64,R0lGODlhAQABAIAAAAAAAP///yH5BAEAAAAALAAAAAABAAEAAAIBRAA7"
비에이유 바이 브라이드앤유,ELISE Crochet short sleeve jacket (Ivory),182480,Other,"data:image/gif;base64,R0lGODlhAQABAIAAAAAAAP///yH5BAEAAAAALAAAAAABAAEAAAIBRAA7"
비에이유 바이 브라이드앤유,LILLE Ribbon tie short sleeve blouse (3color),165280,Other,"data:image/gif;base64,R0lGODlhAQABAIAAAAAAAP///yH5BAEAAAAALAAAAAABAAEAAAIBRAA7"
비에이유 바이 브라이드앤유,DANNA Shirt detailed long dress (Light blue/Off white),258000,Other,"data:image/gif;base64,R0lGODlhAQABAIAAAAAAAP///yH5BAEAAAAALAAAAAABAAEAAAIBRAA7"
비에이유 바이 브라이드앤유,LYRA Puff short sleeve peplum blouse (Minty blue/Off white),140146,Other,"data:image/gif;base64,R0lGODlhAQABAIAAAAAAAP///yH5BAEAAAAALAAAAAABAAEAAAIBRAA7"
으음키임,시그니쳐 세미 와이드 데님 팬츠_CREAM WHITE,91929,Other,"data:image/gif;base64,R0lGODlhAQABAIAAAAAAAP///yH5BAEAAAAALAAAAAABAAEAAAIBRAA7"
몽돌,[한정특가] 원턱 와이드 슬랙스 차콜 MDPT025CHARCOAL,58728,Minimal,"data:image/gif;base64,R0lGODlhAQABAIAAAAAAAP///yH5BAEAAAAALAAAAAABAAEAAAIBRAA7"
르와,[한정특가] 숄더 스트랩 훌 슬리브리스 블라우스 블랙 L093,63649,Other,"data:image/gif;base64,R0lGODlhAQABAIAAAAAAAP///yH5BAEAAAAALAAAAAABAAEAAAIBRAA7"
플로움,Cup Cake Three-Quarter Sleeve (4color),308000,Other,"data:image/gif;base64,R0lGODlhAQABAIAAAAAAAP///yH5BAEAAAAALAAAAAABAAEAAAIBRAA7"
브아빗포우먼,[뉴뉴PICK] [세트] 에센셜 숄+하프 니트 3컬러 VW432,48050,Other,"data:image/gif;base64,R0lGODlhAQABAIAAAAAAAP///yH5BAEAAAAALAAAAAABAAEAAAIBRAA7"
씨타,[한정특가] See-through Layered Skirts_CTS608(3Color),52721,Other,"data:image/gif;base64,R0lGODlhAQABAIAAAAAAAP///yH5BAEAAAAALAAAAAABAAEAAAIBRAA7"
플로움,Roman Holiday Dress(2color),165280,Other,"data:image/gif;base64,R0lGODlhAQABAIAAAAAAAP///yH5BAEAAAAALAAAAAABAAEAAAIBRAA7"
이바나헬싱키,Russu tweed Crop jacket(3colors),185300,Other,"data:image/gif;base64,R0lGODlhAQABAIAAAAAAAP///yH5BAEAAAAALAAAAAABAAEAAAIBRAA7"
라메레이,V-neck Tweed Jacket[LMBDSPJK106]-Multi Ivory,191080,Other,"data:image/gif;base64,R0lGODlhAQABAIAAAAAAAP///yH5BAEAAAAALAAAAAABAAEAAAIBRAA7"
시야쥬,[한정특가] SITP5150 오버핏 라운지 ST 셔츠_Light blue ST,70532,Casual,"data:image/gif;base64,R0lGODlhAQABAIAAAAAAAP///yH5BAEAAAAALAAAAAABAAEAAAIBRAA7"
시야쥬,[한정특가] SITP5157 우먼즈 아카이브 반팔 티셔츠_White,27028,Casual,"data:image/gif;base64,R0lGODlhAQABAIAAAAAAAP///yH5BAEAAAAALAAAAAABAAEAAAIBRAA7"
비에이유 바이 브라이드앤유,AGATHA Notched collar short sleeve A-line dress (Black/Butter),418000,Other,"data:image/gif;base64,R0lGODlhAQABAIAAAAAAAP///yH5BAEAAAAALAAAAAABAAEAAAIBRAA7"
비에이유 바이 브라이드앤유,EMMA Collar detailed mermaid tweed dress (Butter/Black),378000,Other,"data:image/gif;base64,R0lGODlhAQABAIAAAAAAAP///yH5BAEAAAAALAAAAAABAAEAAAIBRAA7"
라메레이,Solid Shirring Sleeveless SwimSuit[LMBDSW230]-Light Gray,132638,Other,"data:image/gif;base64,R0lGODlhAQABAIAAAAAAAP///yH5BAEAAAAALAAAAAABAAEAAAIBRAA7"
리엘,[48H POP-UP] Suzan half cardigan (white),77998,Romantic,"data:image/gif;base64,R0lGODlhAQABAIAAAAAAAP///yH5BAEAAAAALAAAAAABAAEAAAIBRAA7"
플로움,Summer Sheer Rive Blouse(3color),115120,Other,"data:image/gif;base64,R0lGODlhAQABAIAAAAAAAP///yH5BAEAAAAALAAAAAABAAEAAAIBRAA7"
브아빗포우먼,[뉴뉴PICK] 버튼드 레더 자켓 블랙 VW391,110365,Other,"data:image/gif;base64,R0lGODlhAQABAIAAAAAAAP///yH5BAEAAAAALAAAAAABAAEAAAIBRAA7"
룩캐스트,[한정특가] 줄리아 플리츠 스커트_화이트 / JULIA PLEATS SKIRT_WHITE,80083,Feminine,"data:image/gif;base64,R0lGODlhAQABAIAAAAAAAP///yH5BAEAAAAALAAAAAABAAEAAAIBRAA7"
오블라,[4월 펀딩] [단독] flower punching bucket hat_colors HA018,27230,Other,"data:image/gif;base64,R0lGODlhAQABAIAAAAAAAP///yH5BAEAAAAALAAAAAABAAEAAAIBRAA7"
비에이유 바이 브라이드앤유,LILLE See-through Puff shoulder ribbon tie dress (Oatmeal/Black),398000,Other,"data:image/gif;base64,R0lGODlhAQABAIAAAAAAAP///yH5BAEAAAAALAAAAAABAAEAAAIBRAA7"
트위,[한정특가] [TWEE] [정향`PICK] 톨리아 백리본 스퀘어 니트,25452,Other,"data:image/gif;base64,R0lGODlhAQABAIAAAAAAAP///yH5BAEAAAAALAAAAAABAAEAAAIBRAA7"
씨타,[한정특가] Summer Boot-cut Pants_CTB522(3Color),50719,Other,"data:image/gif;base64,R0lGODlhAQABAIAAAAAAAP///yH5BAEAAAAALAAAAAABAAEAAAIBRAA7"
몽돌,[한정특가] 린넨라이크 데님 원턱 와이드 팬츠 인디고 MDPT025DENIMINDIGO,60062,Minimal,"data:image/gif;base64,R0lGODlhAQABAIAAAAAAAP///yH5BAEAAAAALAAAAAABAAEAAAIBRAA7"
앤유,[한정특가] 데일스포드 벨티드 레이스 사파리 원피스 (Ivory),160200,Other,"data:image/gif;base64,R0lGODlhAQABAIAAAAAAAP///yH5BAEAAAAALAAAAAABAAEAAAIBRAA7"
몽돌,[한정특가] 체크 시어서커 오버핏 셔츠 블루 MDSH019CHECKBLUE,54056,Minimal,"data:image/gif;base64,R0lGODlhAQABAIAAAAAAAP///yH5BAEAAAAALAAAAAABAAEAAAIBRAA7"
몽돌,[한정특가] 원턱 와이드 슬랙스 블랙 MDPT025BLACK,58728,Minimal,"data:image/gif;base64,R0lGODlhAQABAIAAAAAAAP///yH5BAEAAAAALAAAAAABAAEAAAIBRAA7"
리엘,[48H POP-UP] Darjeeling cardigan (ivory),92179,Romantic,"data:image/gif;base64,R0lGODlhAQABAIAAAAAAAP///yH5BAEAAAAALAAAAAABAAEAAAIBRAA7"
아무르 무아르,[한정특가] amr1424 belt sleeveless one-piece (3color),92596,Other,"data:image/gif;base64,R0lGODlhAQABAIAAAAAAAP///yH5BAEAAAAALAAAAAABAAEAAAIBRAA7"
파사드패턴,오버핏 썸머울 재킷_black,348000,Other,"data:image/gif;base64,R0lGODlhAQABAIAAAAAAAP///yH5BAEAAAAALAAAAAABAAEAAAIBRAA7"
파사드패턴,썸머울 3버튼 재킷_charcoal,348000,Other,"data:image/gif;base64,R0lGODlhAQABAIAAAAAAAP///yH5BAEAAAAALAAAAAABAAEAAAIBRAA7"
엣클립,[단독특가] [단독]UNBALANCE HOBO BAG_nylon black,145051,Other,"data:image/gif;base64,R0lGODlhAQABAIAAAAAAAP///yH5BAEAAAAALAAAAAABAAEAAAIBRAA7"
비에이유 바이 브라이드앤유,LILITH Stand collar pin tucked long dress (Cornflower blue/Light pink),228000,Other,"data:image/gif;base64,R0lGODlhAQABAIAAAAAAAP///yH5BAEAAAAALAAAAAABAAEAAAIBRAA7"
프론트로우,[25SUMMER] [Drama Signature] Summer Tie-Collar Silky Blouse_3color,100079,Other,"data:image/gif;base64,R0lGODlhAQABAIAAAAAAAP///yH5BAEAAAAALAAAAAABAAEAAAIBRAA7"
프론트로우,[25SPRING] Sheer Belted Shirt_2color,96851,Other,"data:image/gif;base64,R0lGODlhAQABAIAAAAAAAP///yH5BAEAAAAALAAAAAABAAEAAAIBRAA7"
망고매니플리즈,[한정특가] NET SUMMER CARDIGAN (3colors),105443,Minimal,"data:image/gif;base64,R0lGODlhAQABAIAAAAAAAP///yH5BAEAAAAALAAAAAABAAEAAAIBRAA7"
엣프터,[뉴컨셉] 누디 쿨 브라탑 - 아무것도 안 입은듯 완벽히 편안한 브라탑 (COOL TOUCH BRA TOP),23274,Other,"data:image/gif;base64,R0lGODlhAQABAIAAAAAAAP///yH5BAEAAAAALAAAAAABAAEAAAIBRAA7"
망고매니플리즈,[한정특가] MELLAN STRIPE SHIRT (2colors),50219,Minimal,"data:image/gif;base64,R0lGODlhAQABAIAAAAAAAP///yH5BAEAAAAALAAAAAABAAEAAAIBRAA7"
파사드패턴,썸머울 와이드 팬츠_black,198000,Other,"data:image/gif;base64,R0lGODlhAQABAIAAAAAAAP///yH5BAEAAAAALAAAAAABAAEAAAIBRAA7"
버블피스,[한정 특가] Nostalgia pigment t-shirt_CHARCOAL,19520,Other,"data:image/gif;base64,R0lGODlhAQABAIAAAAAAAP///yH5BAEAAAAALAAAAAABAAEAAAIBRAA7"
그레이스유,[한정특가] Kaley One-piece (Black),255600,Other,"data:image/gif;base64,R0lGODlhAQABAIAAAAAAAP///yH5BAEAAAAALAAAAAABAAEAAAIBRAA7"
아무르 무아르,[한정특가] [NEW컬러 발매]시스루 셔츠 4컬러 amr1869,57560,Other,"data:image/gif;base64,R0lGODlhAQABAIAAAAAAAP///yH5BAEAAAAALAAAAAABAAEAAAIBRAA7"
오디에스,TENCEL SILKY SHIRTS (SKY BLUE),115954,Other,"data:image/gif;base64,R0lGODlhAQABAIAAAAAAAP///yH5BAEAAAAALAAAAAABAAEAAAIBRAA7"
몽돌,[한정특가] 골지 스퀘어넥 반팔 니트 MDKT076_9 Colors,28029,Minimal,"data:image/gif;base64,R0lGODlhAQABAIAAAAAAAP///yH5BAEAAAAALAAAAAABAAEAAAIBRAA7"
으네,[한정특가] 위드위트 샤스커트 2컬러,58089,Other,"data:image/gif;base64,R0lGODlhAQABAIAAAAAAAP///yH5BAEAAAAALAAAAAABAAEAAAIBRAA7"
르로망,[한정특가] Square-neck Slim Dress(LL) / Black(2color),235695,Other,"data:image/gif;base64,R0lGODlhAQABAIAAAAAAAP///yH5BAEAAAAALAAAAAABAAEAAAIBRAA7"
주르티,[뉴뉴PICK] 슬럽 플리츠 스커트 팬츠 블랙 j1702,68071,Street,"data:image/gif;base64,R0lGODlhAQABAIAAAAAAAP///yH5BAEAAAAALAAAAAABAAEAAAIBRAA7"
르로망,[한정특가] Cap-sleeve Jacket(벨트 제공)/ Black(2color),208620,Other,"data:image/gif;base64,R0lGODlhAQABAIAAAAAAAP///yH5BAEAAAAALAAAAAABAAEAAAIBRAA7"
우이,[한정특가] 논페이드 슬랙스 데님팬츠 블랙데님 OU1343,68196,Other,"data:image/gif;base64,R0lGODlhAQABAIAAAAAAAP///yH5BAEAAAAALAAAAAABAAEAAAIBRAA7"
브아빗포우먼,[한정특가] 더블 스트라이프 버튼 카라 티셔츠 그레이 VW366,59395,Other,"data:image/gif;base64,R0lGODlhAQABAIAAAAAAAP///yH5BAEAAAAALAAAAAABAAEAAAIBRAA7"
드파운드,oversized shirts (16colors),95933,Other,"data:image/gif;base64,R0lGODlhAQABAIAAAAAAAP///yH5BAEAAAAALAAAAAABAAEAAAIBRAA7"
